City_ID,City,Country,Lat,Lng,Max Temp,Humidity,Cloudiness,Wind Speed,Current Description
0,Aden,YE,12.7794,45.0367,79.18,66,5,14.54,clear sky
1,Punta Arenas,CL,-53.15,-70.9167,41.11,81,20,19.57,few clouds
2,Bredasdorp,ZA,-34.5322,20.0403,54.72,82,98,9.22,overcast clouds
3,Manicore,BR,-5.8092,-61.3003,72.32,100,100,1.88,light rain
4,Bethel,US,41.3712,-73.414,31.66,69,100,4.61,overcast clouds
5,Hilo,US,19.7297,-155.09,71.33,85,0,1.01,clear sky
6,Rikitea,PF,-23.1203,-134.9692,80.11,72,55,14.36,broken clouds
7,Teya,RU,60.3778,92.6267,10.49,74,95,2.75,overcast clouds
8,Cabra,ES,37.4725,-4.4421,53.19,88,100,1.01,light rain
9,Longyearbyen,SJ,78.2186,15.6401,30.83,94,100,18.81,snow
10,Chinhoyi,ZW,-17.3667,30.2,74.21,70,14,4.03,few clouds
11,Busselton,AU,-33.65,115.3333,80.13,55,41,14.07,scattered clouds
12,Montescaglioso,IT,40.5522,16.6669,44.01,64,3,3.87,clear sky
13,Tuktoyaktuk,CA,69.4541,-133.0374,-3.6,82,100,15.12,overcast clouds
14,Yulara,AU,-25.2406,130.9889,100.24,13,40,11.5,scattered clouds
15,Guatire,VE,10.4762,-66.5427,73.69,98,100,1.72,overcast clouds
16,Khani,GE,41.9563,42.9566,27.97,69,100,3.53,overcast clouds
17,Kodiak,US,57.79,-152.4072,40.51,81,100,14.97,light rain
18,New Norfolk,AU,-42.7826,147.0587,62.1,74,100,3.18,overcast clouds
19,Mar Del Plata,AR,-38.0023,-57.5575,63.09,88,1,18.99,clear sky
20,Gilgit,PK,35.9221,74.3087,56.34,57,100,1.3,overcast clouds
21,Iquitos,PE,-3.7481,-73.2472,71.64,100,100,4.61,very heavy rain
22,Dondo,MZ,-19.6094,34.7431,80.11,65,5,2.42,clear sky
23,Vila,PT,42.0304,-8.1588,40.08,95,100,3.98,overcast clouds
24,Kahului,US,20.8947,-156.47,75.85,72,40,11.5,scattered clouds
25,Zheleznodorozhnyy,RU,55.7503,38.0042,36.21,96,100,5.88,light snow
26,Albany,US,42.6001,-73.9662,28.72,74,56,4.54,broken clouds
27,Codrington,AU,-38.2667,141.9667,68.74,80,100,13.44,overcast clouds
28,Motema,SL,8.6,-11.0333,67.68,99,86,2.01,overcast clouds
29,Buala,SB,-8.145,159.5921,83.32,75,40,3.49,scattered clouds
30,Barrow,US,71.2906,-156.7887,-0.38,71,0,12.66,clear sky
31,Kuliyapitiya,LK,7.4688,80.0401,89.28,34,99,4.36,overcast clouds
32,Avarua,CK,-21.2078,-159.775,78.85,89,20,1.14,few clouds
33,Pangnirtung,CA,66.1451,-65.7125,-30.66,94,47,4.09,scattered clouds
34,Lahaina,US,20.8783,-156.6825,75.81,83,32,12.68,scattered clouds
35,Cherskiy,RU,68.75,161.3,-14.51,99,98,3.89,overcast clouds
36,Arraial Do Cabo,BR,-22.9661,-42.0278,76.28,91,0,17.6,clear sky
37,Plettenberg Bay,ZA,-34.0527,23.3716,59.54,73,92,12.33,light rain
38,Basco,PH,20.4487,121.9702,76.14,88,75,13.6,broken clouds
39,San Cristobal,VE,7.7669,-72.225,66.2,98,100,1.83,overcast clouds
40,Faanui,PF,-16.4833,-151.75,81.97,73,100,12.3,overcast clouds
41,Saint-Philippe,RE,-21.3585,55.7679,80.22,82,42,14.76,light rain
42,Fort Saint James,CA,54.4333,-124.25,28.36,96,100,3.44,snow
43,Cape Town,ZA,-33.9258,18.4232,62.11,63,20,4.61,few clouds
44,Grand Gaube,MU,-20.0064,57.6608,84.6,78,100,10.0,overcast clouds
45,Sorong,ID,-0.8833,131.25,83.19,77,100,4.74,overcast clouds
46,Kapaa,US,22.0752,-159.319,75.18,77,40,12.66,scattered clouds
47,Salalah,OM,17.0151,54.0924,87.89,20,0,3.44,clear sky
48,Provideniya,RU,64.3833,-173.3,11.3,58,0,8.63,clear sky
49,Kribi,CM,2.95,9.9167,79.03,83,67,4.16,broken clouds
50,Beloha,MG,-25.1667,45.05,87.13,41,37,10.85,scattered clouds
51,Luderitz,NA,-26.6481,15.1594,64.62,59,0,23.82,clear sky
52,Kulhudhuffushi,MV,6.6221,73.07,82.87,70,100,9.95,overcast clouds
53,Mataura,NZ,-46.1927,168.8643,62.47,80,80,3.6,broken clouds
54,Perama,GR,37.9757,23.5828,44.65,64,20,3.44,few clouds
55,Jiayuguan,CN,39.8167,98.3,61.29,19,100,17.74,overcast clouds
56,Necochea,AR,-38.5473,-58.7368,59.72,74,31,10.65,scattered clouds
57,Den Helder,NL,52.9599,4.7593,47.97,93,100,13.0,mist
58,Sungairaya,ID,0.7,108.9,86.79,62,93,8.95,overcast clouds
59,Ilulissat,GL,69.2167,-51.1,8.62,72,100,4.61,overcast clouds
60,Carnarvon,AU,-24.8667,113.6333,82.47,61,0,21.85,clear sky
61,Santo Tomas,PH,14.1079,121.1414,88.56,60,94,2.21,overcast clouds
62,Diofior,SN,14.1833,-16.6667,66.27,61,3,11.05,clear sky
63,Leshukonskoye,RU,64.8989,45.7622,17.31,90,57,5.57,broken clouds
64,Thunder Bay,CA,48.4001,-89.3168,4.98,92,75,3.44,broken clouds
65,Byron Bay,AU,-28.65,153.6167,76.89,70,15,14.09,few clouds
66,Taltal,CL,-25.4,-70.4833,65.01,85,32,1.12,scattered clouds
67,Ngunguru,NZ,-35.6167,174.5,66.02,74,4,0.6,clear sky
68,Puerto Escondido,MX,15.85,-97.0667,76.55,73,5,4.65,clear sky
69,Alamosa,US,37.4695,-105.87,30.18,64,0,8.05,clear sky
70,Serowe,BW,-22.3833,26.7167,80.51,41,10,9.75,clear sky
71,Tiksi,RU,71.6872,128.8694,-13.2,100,100,2.35,overcast clouds
72,Bluff,NZ,-46.6,168.3333,62.8,80,79,3.27,broken clouds
73,Butaritari,KI,3.0707,172.7902,81.52,74,6,17.81,clear sky
74,Adre,TD,13.4667,22.2,76.39,14,13,17.85,few clouds
75,Flinders,AU,-34.5833,150.8552,76.17,69,5,1.99,clear sky
76,Dumai,ID,1.6833,101.45,84.02,81,100,2.95,overcast clouds
77,Mahebourg,MU,-20.4081,57.7,84.49,79,75,12.66,broken clouds
78,East London,ZA,-33.0153,27.9116,61.74,94,100,20.71,light rain
79,Muros,ES,42.7762,-9.0603,43.84,91,100,9.37,overcast clouds
80,Cabo San Lucas,MX,22.8909,-109.9124,67.51,52,16,4.0,few clouds
81,North Bend,US,43.4065,-124.2243,48.11,92,100,5.75,overcast clouds
82,Puerto Carreno,CO,6.189,-67.4859,75.9,83,100,5.68,overcast clouds
83,Katsuura,JP,35.1333,140.3,66.7,69,5,14.56,clear sky
84,Torbay,CA,47.6666,-52.7314,25.57,62,75,28.77,broken clouds
85,Kaitangata,NZ,-46.2817,169.8464,57.2,85,100,4.81,overcast clouds
86,Olga,RU,43.7444,135.2892,33.53,80,100,6.78,overcast clouds
87,Port Alfred,ZA,-33.5906,26.891,65.61,75,100,23.47,overcast clouds
88,Coquimbo,CL,-29.9533,-71.3436,62.31,88,2,2.51,clear sky
89,Jalu,LY,29.0331,21.5482,53.33,46,0,14.03,clear sky
90,Vaini,TO,-21.2,-175.2,77.16,94,75,0.0,broken clouds
91,Jamestown,US,42.097,-79.2353,35.19,43,100,8.05,overcast clouds
92,Dikson,RU,73.5069,80.5464,-0.78,93,100,13.98,overcast clouds
93,Xinqing,CN,48.2333,129.5,27.73,75,100,6.46,overcast clouds
94,Chumikan,RU,54.7183,135.315,25.74,76,17,8.48,few clouds
95,Shubarkuduk,KZ,49.1447,56.4872,11.53,91,100,5.97,overcast clouds
96,Victoria,HK,22.2855,114.1577,82.04,66,1,8.01,clear sky
97,Saskylakh,RU,71.9167,114.0833,-5.85,96,97,3.31,overcast clouds
98,Lompoc,US,34.6391,-120.4579,52.57,88,75,23.0,broken clouds
99,Wanaka,NZ,-44.7,169.15,62.58,71,94,5.95,overcast clouds
100,Asuncion,PY,-25.3007,-57.6359,65.64,77,0,0.0,clear sky
101,Pombia,IT,45.653,8.6336,43.25,75,75,4.61,broken clouds
102,Naica,MX,27.85,-105.4833,54.81,14,4,7.2,clear sky
103,Sao Joao Da Barra,BR,-21.6403,-41.0511,76.51,89,0,11.68,clear sky
104,Hermanus,ZA,-34.4187,19.2345,56.8,58,72,8.52,broken clouds
105,Tual,ID,-5.6667,132.75,82.94,74,100,8.21,overcast clouds
106,Ushuaia,AR,-54.8,-68.3,37.06,75,100,17.27,light rain
107,Marsaxlokk,MT,35.8419,14.5431,55.08,87,40,9.22,scattered clouds
108,Clyde River,CA,70.4692,-68.5914,-9.17,84,100,31.07,heavy snow
109,Xunchang,CN,28.4543,104.715,83.62,45,46,6.69,scattered clouds
110,Mangrol,IN,21.1167,70.1167,88.84,36,7,8.34,clear sky
111,Tshela,CD,-4.9833,12.9333,76.03,96,100,0.51,overcast clouds
112,Sibolga,ID,1.7427,98.7792,83.75,76,99,4.12,overcast clouds
113,Oranjemund,NA,-28.55,16.4333,62.01,61,0,21.97,clear sky
114,Kashan,IR,33.9831,51.4364,68.18,32,0,4.16,clear sky
115,Dandong,CN,40.1292,124.3947,43.92,64,91,18.63,overcast clouds
116,Sobolevo,RU,54.4299,31.8996,30.4,89,24,10.13,few clouds
117,Ancud,CL,-41.8697,-73.8203,54.23,90,100,3.44,overcast clouds
118,Cidreira,BR,-30.1811,-50.2056,69.42,87,100,7.63,overcast clouds
119,Upernavik,GL,72.7868,-56.1549,5.76,78,100,9.13,overcast clouds
120,Iquique,CL,-20.2208,-70.1431,69.49,80,33,2.53,scattered clouds
121,Zhigansk,RU,66.7697,123.3711,-5.98,90,97,12.75,overcast clouds
122,Grindavik,IS,63.8424,-22.4338,37.35,87,100,35.68,overcast clouds
123,Conakry,GN,9.538,-13.6773,77.07,83,35,6.91,mist
124,Saint George,US,37.1041,-113.5841,55.44,25,0,5.75,clear sky
125,Pevek,RU,69.7008,170.3133,-16.87,100,91,3.31,overcast clouds
126,Qaanaaq,GL,77.484,-69.3632,-12.35,90,100,1.59,overcast clouds
127,Prokuplje,RS,43.2342,21.5881,25.88,57,2,1.12,clear sky
128,Aklavik,CA,68.2191,-135.0107,-8.39,85,100,5.35,overcast clouds
129,Pinawa,CA,50.1489,-95.8811,5.09,96,100,4.47,overcast clouds
130,Gat,IL,31.61,34.7642,50.68,100,100,12.3,overcast clouds
131,Bobrovka,RU,54.047,61.7455,8.58,89,86,2.59,overcast clouds
132,Kharitonovo,RU,61.4009,47.4978,21.4,89,100,7.74,overcast clouds
133,Chokurdakh,RU,70.6333,147.9167,-5.89,92,100,6.42,overcast clouds
134,Sioux Lookout,CA,50.1001,-91.917,6.87,85,0,4.61,clear sky
135,Svetlogorsk,BY,52.6333,29.7333,34.32,63,17,7.54,few clouds
136,Arman,RU,59.7,150.1667,25.02,80,100,2.59,overcast clouds
137,Dunedin,NZ,-45.8742,170.5036,57.79,85,100,4.0,overcast clouds
138,Broome,US,42.2506,-75.833,30.97,68,100,6.91,overcast clouds
139,Lorengau,PG,-2.0226,147.2712,84.76,73,26,9.06,scattered clouds
140,Narsaq,GL,60.9167,-46.05,35.82,96,100,7.78,light rain
141,Hue,VN,16.4667,107.6,80.71,69,40,6.91,scattered clouds
142,Chapais,CA,49.7834,-74.8492,6.58,99,100,3.44,overcast clouds
143,Proletarsk,RU,46.7031,41.7192,29.62,50,29,5.59,scattered clouds
144,Karratha,AU,-20.7377,116.8463,96.08,41,0,14.9,clear sky
145,Manjo,CM,4.8428,9.8217,74.97,79,99,0.89,overcast clouds
146,Rantepao,ID,-2.9701,119.8978,77.31,86,45,2.53,scattered clouds
147,Georgetown,MY,5.4112,100.3354,89.55,70,20,10.36,thunderstorm
148,Atuona,PF,-9.8,-139.0333,79.0,80,100,15.19,light rain
149,Yellowknife,CA,62.456,-114.3525,-14.28,76,0,8.05,clear sky
150,Tura,IN,25.5198,90.2201,95.56,13,14,5.77,few clouds
151,Atar,MR,20.5169,-13.0499,63.95,33,19,8.84,few clouds
152,Hasaki,JP,35.7333,140.8333,72.0,71,7,18.37,clear sky
153,Soria,ES,41.6667,-2.6667,40.1,93,100,15.35,overcast clouds
154,Te Anau,NZ,-45.4167,167.7167,57.36,91,87,5.77,overcast clouds
155,Kieta,PG,-6.2167,155.6333,82.94,72,26,3.49,scattered clouds
156,Lindi,TZ,-10.0,39.7167,82.65,75,100,4.21,overcast clouds
157,Jutai,BR,-5.1833,-68.9,70.03,99,79,0.76,moderate rain
158,Bandarbeyla,SO,9.4942,50.8122,81.57,60,8,14.45,clear sky
159,Ahuimanu,US,21.4447,-157.8378,76.14,75,75,10.36,broken clouds
160,Camacha,PT,33.0833,-16.3333,44.02,81,40,37.98,scattered clouds
161,Ponnani,IN,10.767,75.9252,92.52,52,11,8.41,few clouds
162,Souillac,MU,-20.5167,57.5167,84.58,79,75,12.66,light rain
163,Foldeak,HU,46.3167,20.5,39.22,41,0,9.01,clear sky
164,Muli,MV,2.9167,73.5667,83.37,70,100,8.93,overcast clouds
165,Shubarshi,KZ,48.5872,57.1869,14.31,88,99,7.18,overcast clouds
166,Pelym,RU,61.0108,61.9978,15.26,84,99,6.26,overcast clouds
167,Hobart,AU,-42.8794,147.3294,60.66,93,75,6.91,broken clouds
168,Cockburn Town,TC,21.4612,-71.1419,77.77,75,0,18.54,clear sky
169,Mount Gambier,AU,-37.8333,140.7667,66.11,72,75,16.11,thunderstorm with rain
170,Miyako,JP,39.6367,141.9525,39.38,92,100,9.04,overcast clouds
171,Enid,US,36.3956,-97.8784,52.09,33,0,23.02,clear sky
172,Kununurra,AU,-15.7667,128.7333,94.98,52,73,6.91,broken clouds
173,Loandjili,CG,-4.7561,11.8578,78.91,94,20,4.61,few clouds
174,Vardo,NO,70.3705,31.1107,33.24,89,80,11.18,broken clouds
175,Ambilobe,MG,-13.2,49.05,79.21,85,100,2.1,light rain
176,Kajaani,FI,64.2273,27.7285,19.45,93,0,5.75,clear sky
177,Puerto Ayora,EC,-0.7393,-90.3518,74.55,98,78,1.01,broken clouds
178,Nizhniy Tsasuchey,RU,50.5167,115.1333,24.03,51,100,8.72,overcast clouds
179,Saldanha,ZA,-33.0117,17.9442,51.85,53,33,15.86,scattered clouds
180,Labuhan,ID,-6.8844,112.2051,85.05,76,65,6.46,broken clouds
181,Coahuayana,MX,18.7333,-103.6833,67.78,81,1,3.47,clear sky
182,Airai,TL,-8.9266,125.4092,69.91,81,100,2.62,overcast clouds
183,Severo-Kurilsk,RU,50.6789,156.125,28.98,78,48,5.86,scattered clouds
184,Jati,PK,24.3539,68.2671,98.28,13,5,13.65,clear sky
185,Klaksvik,FO,62.2266,-6.589,43.72,90,0,9.78,clear sky
186,Yatou,CN,37.15,122.3833,47.98,55,0,22.41,clear sky
187,Bambous Virieux,MU,-20.3428,57.7575,85.21,79,75,12.66,light rain
188,Caravelas,BR,-17.7125,-39.2481,75.78,88,100,3.11,overcast clouds
189,Ostrovnoy,RU,68.0531,39.5131,25.02,88,100,7.85,overcast clouds
190,Kavaratti,IN,10.5669,72.642,82.99,70,14,2.93,few clouds
191,Komsomolskiy,UZ,40.4272,71.7189,54.32,87,75,2.3,mist
192,Kichera,RU,55.9375,110.0997,9.81,55,87,2.15,overcast clouds
193,Kumluca,TR,36.3703,30.2869,45.0,25,0,1.97,clear sky
194,Hereford,GB,52.0568,-2.7148,42.03,95,4,3.06,clear sky
195,Bloomfield,US,40.8068,-74.1854,36.66,63,100,9.22,overcast clouds
196,Verkhnevilyuysk,RU,63.4453,120.3167,4.17,85,100,5.21,overcast clouds
197,Belmonte,BR,-15.8631,-38.8828,76.62,88,100,2.44,overcast clouds
198,Alta Floresta,BR,-9.8756,-56.0861,69.66,98,100,1.72,overcast clouds
199,Maromitsa,RU,59.8683,48.0123,23.18,90,100,7.52,overcast clouds
200,Richards Bay,ZA,-28.783,32.0377,75.9,78,99,11.1,overcast clouds
201,Padang,ID,-0.9492,100.3543,86.05,83,100,4.61,overcast clouds
202,Darhan,MN,49.4867,105.9228,21.29,70,100,13.38,overcast clouds
203,Oktyabrskoye,RU,43.0645,44.7417,26.35,86,100,4.47,overcast clouds
204,Sinnamary,GF,5.3833,-52.95,74.86,93,100,9.57,moderate rain
205,Xining,CN,36.6167,101.7667,58.82,22,0,5.86,clear sky
206,Mindelo,CV,16.8901,-24.9804,67.55,68,20,32.21,few clouds
207,Yar-Sale,RU,66.8333,70.8333,7.47,95,81,10.09,broken clouds
208,Manama,BH,26.2154,50.5832,80.58,60,4,6.91,clear sky
209,Port-Gentil,GA,-0.7193,8.7815,82.04,77,100,4.88,light rain
210,Lebu,CL,-37.6167,-73.65,56.03,88,6,16.02,clear sky
211,Bac Lieu,VN,9.285,105.7244,87.13,61,100,15.05,overcast clouds
212,Norden,DE,53.6,7.2,46.94,93,100,10.96,overcast clouds
213,Ribeira Grande,PT,38.5167,-28.7,55.42,62,68,4.07,broken clouds
214,Chau Doc,VN,10.7,105.1167,96.6,39,99,8.34,overcast clouds
215,Zunilito,GT,14.6167,-91.5167,72.97,92,6,4.99,clear sky
216,San Andres,CO,12.5847,-81.7006,80.62,83,40,13.8,scattered clouds
217,Krasnoselkup,RU,65.7,82.4667,4.98,87,100,9.01,overcast clouds
218,Bubaque,GW,11.2833,-15.8333,74.43,73,32,14.0,scattered clouds
219,Lasa,IT,46.6166,10.7002,32.02,84,99,2.06,overcast clouds
220,Cheyenne,US,41.14,-104.8203,37.72,50,0,24.0,clear sky
221,Kavieng,PG,-2.5744,150.7967,84.9,66,99,12.66,overcast clouds
222,Akdepe,TM,42.0551,59.3788,37.49,41,100,9.95,overcast clouds
223,Chuy,UY,-33.6971,-53.4616,56.32,88,0,3.6,clear sky
224,Nicoya,CR,10.1483,-85.452,76.12,73,60,8.7,broken clouds
225,Spisske Podhradie,SK,49.0009,20.7531,29.73,48,0,3.33,clear sky
226,Norman Wells,CA,65.282,-126.8329,-27.36,68,20,0.0,few clouds
227,Jiaocheng,CN,24.6774,116.1389,84.07,46,64,4.21,broken clouds
228,Kirkuk,IQ,35.4681,44.3922,54.93,36,93,3.02,overcast clouds
229,Nikolskoye,RU,59.7035,30.7861,34.88,98,99,3.31,overcast clouds
230,Vostok,RU,46.4856,135.8833,31.8,89,100,1.97,light snow
231,Portland,US,45.5234,-122.6762,49.62,85,100,8.05,overcast clouds
232,Pimentel,PE,-6.8367,-79.9342,73.0,77,95,2.71,overcast clouds
233,Kruisfontein,ZA,-34.0033,24.7314,58.89,70,100,20.36,overcast clouds
234,Beboto,TD,8.2668,16.939,84.72,15,9,5.17,clear sky
235,Odoyev,RU,53.9393,36.6864,32.47,98,97,10.31,overcast clouds
236,Medellin,CO,6.2518,-75.5636,64.17,98,40,2.3,scattered clouds
237,Tezu,IN,27.9167,96.1667,98.28,11,17,5.03,few clouds
238,Meulaboh,ID,4.1363,96.1285,85.86,67,40,5.35,scattered clouds
239,Noumea,NC,-22.2763,166.4572,84.99,99,86,11.14,overcast clouds
240,Kalaiya,NP,27.0327,85.0022,93.54,16,0,8.43,clear sky
241,Namibe,AO,-15.1961,12.1522,71.46,76,83,7.65,broken clouds
242,Morrope,PE,-6.5417,-80.0111,77.0,64,86,1.39,overcast clouds
243,Beringovskiy,RU,63.05,179.3167,-4.95,91,4,6.02,clear sky
244,Antofagasta,CL,-23.65,-70.4,65.61,86,55,3.33,broken clouds
245,Trapani,IT,37.8333,12.6667,54.23,87,75,5.75,broken clouds
246,Leh,IN,34.1667,77.5833,27.01,50,88,1.36,overcast clouds
247,Novyy Urengoy,RU,66.0833,76.6333,5.63,93,97,7.02,overcast clouds
248,Gamba,GA,-2.65,10.0,78.01,89,85,4.52,moderate rain
249,Wright,US,45.1833,-93.9502,35.06,84,100,5.99,overcast clouds
250,Portmore,JM,17.9702,-76.8672,78.76,74,20,4.61,few clouds
251,Dano,BF,11.15,-3.0667,84.18,34,100,4.85,overcast clouds
252,Port Hedland,AU,-20.3167,118.5667,98.65,41,0,18.41,clear sky
253,Sao Filipe,CV,14.8961,-24.4956,70.54,72,0,13.27,clear sky
254,Kirovskiy,RU,45.0917,133.5136,35.58,80,100,4.05,overcast clouds
255,Vao,NC,-22.6667,167.4833,80.01,78,72,16.89,broken clouds
256,Resistencia,AR,-27.4606,-58.9839,62.65,84,0,3.44,clear sky
257,Nanortalik,GL,60.1432,-45.2371,25.41,94,100,4.65,light snow
258,Kandalaksha,RU,67.162,32.4123,29.86,97,100,3.06,overcast clouds
259,Mount Isa,AU,-20.7333,139.5,100.17,25,75,9.22,broken clouds
260,Polunochnoye,RU,60.8697,60.4153,11.1,77,81,5.06,broken clouds
261,Vila Franca Do Campo,PT,37.7167,-25.4333,55.2,65,94,12.84,overcast clouds
262,Dawlatabad,AF,36.4141,64.9053,74.95,45,100,5.03,overcast clouds
263,Azuaga,ES,38.2667,-5.6833,44.96,91,100,7.25,moderate rain
264,Portobelo,PA,9.55,-79.65,77.72,85,62,14.09,broken clouds
265,Mandalgovi,MN,45.7625,106.2708,48.0,25,100,23.33,overcast clouds
266,Hithadhoo,MV,-0.6,73.0833,83.34,71,53,6.26,broken clouds
267,Biltine,TD,14.5333,20.9167,79.97,13,23,16.33,few clouds
268,Terney,RU,45.0503,136.6092,33.6,83,100,5.97,overcast clouds
269,Laplace,US,30.0666,-90.4801,51.78,78,0,3.44,clear sky
270,Coihaique,CL,-45.5752,-72.0662,51.75,71,0,9.22,clear sky
271,Tyukalinsk,RU,55.8732,72.1967,10.11,82,100,11.97,overcast clouds
272,Naze,JP,28.3667,129.4833,70.72,80,61,3.02,broken clouds
273,Orotukan,RU,62.2667,151.7,1.09,96,100,2.68,overcast clouds
274,Fairbanks,US,64.8378,-147.7164,-9.4,72,0,0.0,clear sky
275,Karatuzskoye,RU,53.6072,92.8667,10.38,79,89,4.83,overcast clouds
276,Pitimbu,BR,-7.4706,-34.8086,77.59,80,98,6.89,overcast clouds
277,Capao Bonito,BR,-24.0058,-48.3494,66.2,100,100,0.98,overcast clouds
278,Yenagoa,NG,4.9247,6.2642,80.42,85,63,1.07,broken clouds
279,Khatanga,RU,71.9667,102.5,0.64,92,100,11.48,overcast clouds
280,Nelson Bay,AU,-32.7167,152.15,77.09,64,3,3.0,clear sky
281,Port Elizabeth,ZA,-33.918,25.5701,62.1,82,40,16.11,scattered clouds
282,Cayenne,GF,4.9333,-52.3333,74.08,1,100,1.14,overcast clouds
283,Talnakh,RU,69.4865,88.3972,-0.8,92,100,8.66,overcast clouds
284,Atzompa,MX,18.7247,-97.1839,46.09,81,2,2.42,clear sky
285,Fort Nelson,CA,58.8053,-122.7002,-6.21,84,75,0.0,broken clouds
286,Zyryanka,RU,65.75,150.85,0.32,94,100,4.34,overcast clouds
287,Kenai,US,60.5544,-151.2583,30.02,61,40,20.71,scattered clouds
288,Kidderminster,GB,52.3882,-2.25,41.02,91,1,4.27,clear sky
289,Nisia Floresta,BR,-6.0911,-35.2086,77.38,89,84,4.16,light rain
290,La Union,PE,-5.4,-80.75,77.45,73,100,6.26,light rain
291,Rio Grande,BR,-32.035,-52.0986,66.31,75,93,3.53,overcast clouds
292,Tilichiki,RU,60.4667,166.1,3.83,86,3,6.53,clear sky
293,Greeneville,US,36.1632,-82.831,32.88,87,4,2.98,clear sky
294,Talaya,RU,61.3833,152.75,0.48,92,100,2.13,overcast clouds
295,Pyu,MM,18.4833,96.4333,104.81,21,99,4.65,overcast clouds
296,Zaysan,KZ,47.4667,84.8667,34.0,94,100,1.99,overcast clouds
297,San Vicente,AR,-26.6167,-54.1333,57.27,99,23,1.32,few clouds
298,Touros,BR,-5.1989,-35.4608,78.35,84,95,6.76,overcast clouds
299,Chara,RU,56.9064,118.2631,7.59,80,100,4.7,overcast clouds
300,Vila Velha,BR,-20.3297,-40.2925,75.94,93,20,1.14,few clouds
301,Lata,PT,40.1629,-8.3327,47.07,81,100,4.27,overcast clouds
302,Sur,OM,22.5667,59.5289,86.86,42,6,7.25,clear sky
303,Nishihara,JP,26.1842,127.7558,74.86,73,75,9.22,broken clouds
304,Whitehorse,CA,60.7161,-135.0538,7.57,70,100,5.75,light snow
305,Palmer,US,42.1584,-72.3287,29.25,59,100,8.05,overcast clouds
306,Nouadhibou,MR,20.931,-17.0347,60.78,82,99,18.41,sand
307,Puerto Guzman,CO,0.9703,-76.5858,70.72,98,100,2.46,overcast clouds
308,Inirida,CO,3.8653,-67.9239,71.6,99,100,2.15,moderate rain
309,Pisco,PE,-13.7,-76.2167,69.85,78,99,4.61,overcast clouds
310,Tasiilaq,GL,65.6145,-37.6368,30.36,95,100,50.62,snow
311,Chicama,PE,-7.8447,-79.1469,68.54,73,95,3.18,overcast clouds
312,Suratgarh,IN,29.3167,73.9,96.69,15,0,5.93,clear sky
313,Petropavlovsk-Kamchatskiy,RU,53.0452,158.6483,28.99,74,40,6.71,scattered clouds
314,Quelimane,MZ,-17.8786,36.8883,73.35,100,75,10.36,light intensity drizzle
315,Cooma,AU,-36.2333,149.1333,71.37,56,40,12.66,scattered clouds
316,Port-Cartier,CA,50.0334,-66.8654,1.62,96,3,6.04,clear sky
317,Pangody,RU,65.85,74.4859,7.83,93,97,8.72,overcast clouds
318,Novoagansk,RU,61.9449,76.6625,13.84,88,100,6.24,overcast clouds
319,Wagga Wagga,AU,-35.1167,147.3667,84.61,26,100,5.75,overcast clouds
320,Launceston,AU,-41.45,147.1667,68.14,63,100,18.41,moderate rain
321,Nome,US,64.5011,-165.4064,23.07,36,0,17.27,clear sky
322,Buarcos,PT,40.166,-8.8768,48.54,74,100,9.24,overcast clouds
323,Olafsvik,IS,64.8945,-23.7142,38.1,80,100,43.02,overcast clouds
324,Wembley,AU,-31.9333,115.8,85.01,58,20,14.97,few clouds
325,Hirado,JP,33.3597,129.5531,73.38,92,100,14.45,overcast clouds
326,Aojiang,CN,22.9421,116.0359,81.77,55,8,11.48,clear sky
327,Natal,BR,-5.795,-35.2094,77.22,94,40,3.44,light rain
328,Erzin,TR,36.9559,36.2,40.96,56,0,5.99,clear sky
329,Don Benito,ES,38.9563,-5.8616,45.05,95,100,3.29,light rain
330,Beni,CD,0.5,29.4667,74.91,64,100,2.77,overcast clouds
331,La Ronge,CA,55.1001,-105.2842,-5.55,71,20,6.91,few clouds
332,Port Hardy,CA,50.6996,-127.4199,44.6,93,100,3.44,light intensity shower rain
333,Songjianghe,CN,42.1859,127.479,32.97,99,100,4.12,light snow
334,La Asuncion,VE,11.0333,-63.8628,74.82,84,100,13.22,overcast clouds
335,Constantine,DZ,36.365,6.6147,51.21,71,40,8.05,scattered clouds
336,Koster,ZA,-25.863,26.8976,69.89,49,79,13.38,broken clouds
337,Kokopo,PG,-4.352,152.2633,83.08,65,100,2.01,overcast clouds
338,Bilibino,RU,68.0546,166.4372,-9.09,90,64,5.7,broken clouds
339,Margate,GB,51.3813,1.3862,44.69,94,6,1.01,clear sky
340,Narasannapeta,IN,18.4167,84.05,92.66,28,5,10.65,clear sky
341,Termoli,IT,41.9888,14.9895,46.78,64,0,5.53,clear sky
342,Maniitsoq,GL,65.4167,-52.9,3.42,91,100,28.23,overcast clouds
343,Sao Gabriel Da Cachoeira,BR,-0.1303,-67.0892,70.93,100,100,0.89,overcast clouds
344,Hirara,JP,24.8,125.2833,77.27,69,40,4.61,scattered clouds
345,Novyy Urgal,RU,51.0736,132.5642,25.43,71,100,1.68,overcast clouds
346,Castro,BR,-24.7911,-50.0119,62.26,98,100,0.6,light rain
347,Srednekolymsk,RU,67.45,153.6833,-7.35,96,100,5.41,overcast clouds
348,Goya,AR,-29.14,-59.2626,57.49,77,2,4.03,clear sky
349,Prince Rupert,CA,54.3161,-130.3201,41.09,87,100,39.12,light rain
350,Palkino,RU,57.5409,28.0126,29.95,74,11,5.66,few clouds
351,Blind River,CA,46.1834,-82.9582,19.51,98,92,4.12,overcast clouds
352,Ongandjera,NA,-17.8833,15.0667,67.84,79,100,5.21,overcast clouds
353,Lagoa,PT,39.05,-27.9833,54.9,62,33,6.87,scattered clouds
354,Batagay-Alyta,RU,67.8006,130.4114,-6.38,94,99,2.19,overcast clouds
355,Phan Thiet,VN,10.9333,108.1,87.3,61,40,14.45,scattered clouds
356,Geraldton,AU,-28.7667,114.6,82.81,51,0,14.97,clear sky
357,Shalya,RU,57.2471,58.7298,16.83,82,100,6.11,overcast clouds
358,Solnechnyy,RU,50.7214,136.6319,26.71,85,100,3.24,overcast clouds
359,Muscatine,US,41.4667,-91.1335,42.12,68,36,1.01,scattered clouds
360,Teguise,ES,29.0605,-13.564,57.42,72,40,13.8,scattered clouds
361,Ketchikan,US,55.3422,-131.6461,40.98,93,100,18.41,moderate rain
362,Kismayo,SO,-0.3582,42.5454,83.35,64,77,14.43,broken clouds
363,Burgeo,CA,47.6167,-57.6152,21.45,71,66,28.1,broken clouds
364,Okhotsk,RU,59.3833,143.3,21.34,90,100,7.14,overcast clouds
365,Mazyr,BY,52.0495,29.2456,33.84,64,18,7.36,few clouds
366,Husavik,IS,66.0449,-17.3389,24.3,71,100,16.4,overcast clouds
367,Kilindoni,TZ,-7.9139,39.6668,81.97,70,92,6.8,overcast clouds
368,Anyang,CN,36.0994,114.3289,76.39,14,7,7.76,clear sky
369,Bonavista,CA,48.6499,-53.1147,24.24,60,86,28.27,overcast clouds
370,Coos Bay,US,43.3665,-124.2179,48.18,92,100,5.75,overcast clouds
371,Paamiut,GL,61.994,-49.6678,17.08,94,100,33.8,snow
372,Sorland,NO,67.667,12.6934,40.86,78,100,13.8,overcast clouds
373,Kasane,BW,-17.8167,25.15,68.09,100,75,5.75,light rain
374,Agadez,NE,19.75,10.25,60.17,15,0,8.81,clear sky
375,Mecca,SA,21.4267,39.8261,76.23,52,4,5.44,clear sky
376,Wasilla,US,61.5814,-149.4394,24.35,53,0,19.57,clear sky
377,Leningradskiy,RU,69.3833,178.4167,-12.37,97,65,6.15,broken clouds
378,Mana,GF,5.6592,-53.7767,74.75,95,100,7.76,moderate rain
379,Albina,SR,5.5,-54.05,72.77,100,100,2.21,moderate rain
380,Yokadouma,CM,3.5167,15.05,78.37,62,100,1.74,overcast clouds
381,Thompson,CA,55.7435,-97.8558,-5.64,71,0,6.91,clear sky
382,Normandin,CA,48.8333,-72.5321,12.51,78,100,0.0,overcast clouds
383,Namatanai,PG,-3.6667,152.4333,83.3,66,58,8.9,broken clouds
384,Warsaw,PL,52.2298,21.0118,34.97,81,0,10.36,clear sky
385,Ponta Do Sol,PT,32.6667,-17.1,54.23,71,100,23.78,overcast clouds
386,Ban Nahin,LA,18.2418,104.2122,101.61,30,23,4.94,few clouds
387,Esperance,AU,-33.8667,121.9,84.04,65,13,21.21,few clouds
388,Awallan,PH,17.9244,121.913,85.5,68,37,6.8,scattered clouds
389,Arlit,NE,18.7369,7.3853,70.99,8,0,5.86,clear sky
390,Nago,JP,26.5881,127.9761,75.63,69,100,2.8,overcast clouds
391,San Ramon,US,37.7799,-121.978,51.87,76,0,5.75,clear sky
392,Nalvo,PH,16.8096,120.5108,84.63,65,58,6.53,broken clouds
393,Nagyatad,HU,46.2296,17.3579,37.35,49,0,7.09,clear sky
394,Xichang,CN,27.8964,102.2634,81.77,25,48,3.89,scattered clouds
395,Xuddur,SO,4.1213,43.8894,83.39,44,10,21.81,clear sky
396,Maldonado,UY,-34.6667,-54.9167,58.23,90,0,3.53,clear sky
397,Vaijapur,IN,19.9167,74.7333,92.43,9,7,4.68,clear sky
398,Alice Springs,AU,-23.7,133.8833,98.15,11,32,5.75,scattered clouds
399,Manono,CD,-7.3,27.4167,76.15,77,97,2.33,overcast clouds
400,Korla,CN,41.7597,86.1469,62.47,23,100,4.54,overcast clouds
401,Eureka,US,40.8021,-124.1637,48.92,83,100,4.68,overcast clouds
402,Iskateley,RU,67.6803,53.1512,9.54,99,99,3.65,overcast clouds
403,Yumen,CN,40.2833,97.2,59.13,20,100,8.28,overcast clouds
404,Pacific Grove,US,36.6177,-121.9166,51.91,79,0,5.75,clear sky
405,Isangel,VU,-19.55,169.2667,82.51,78,73,5.75,broken clouds
406,Makhinjauri,GE,41.6739,41.694,37.26,93,100,6.91,overcast clouds
407,Gustrow,DE,53.7972,12.1734,38.07,51,20,12.66,few clouds
408,Dzilam Gonzalez,MX,21.2833,-88.9333,67.71,75,13,5.14,few clouds
409,Samarinda,ID,-0.5,117.15,94.86,45,41,2.77,scattered clouds
410,Sechura,PE,-5.5569,-80.8222,76.89,73,86,5.53,overcast clouds
411,Tuatapere,NZ,-46.1333,167.6833,58.42,82,78,4.43,broken clouds
412,Xinan,CN,26.72,119.8556,68.11,75,100,3.89,overcast clouds
413,Kloulklubed,PW,7.0419,134.2556,82.9,78,19,14.5,few clouds
414,Bengkulu,ID,-3.8004,102.2655,85.39,67,96,10.31,overcast clouds
415,Camargo,MX,27.6667,-105.1667,55.94,15,2,6.29,clear sky
416,Elko,US,41.0002,-115.5012,31.05,80,6,4.0,clear sky
417,Ambositra,MG,-20.5167,47.25,69.44,69,71,8.46,broken clouds
418,Atbasar,KZ,51.8,68.3333,13.05,86,94,2.37,overcast clouds
419,Laguna,US,38.421,-121.4238,54.95,69,0,0.0,clear sky
420,Kjopsvik,NO,68.097,16.3742,34.18,70,100,9.24,overcast clouds
421,Asekeyevo,RU,53.5742,52.7972,11.97,92,100,9.69,overcast clouds
422,Japura,ID,-0.3167,102.35,90.7,60,94,0.94,light rain
423,Saint-Augustin,CA,51.226,-58.6502,-0.49,79,0,11.36,clear sky
424,Wonopringgo,ID,-6.9833,109.6167,87.93,74,60,3.78,broken clouds
425,Iracoubo,GF,5.4802,-53.2011,74.7,95,100,10.04,heavy intensity rain
426,Hovd,MN,48.0056,91.6419,42.49,28,4,19.75,clear sky
427,Ladario,BR,-19.0047,-57.6017,70.09,74,94,2.84,overcast clouds
428,Togur,RU,58.3631,82.8265,8.69,79,85,4.34,overcast clouds
429,Sitka,US,57.0531,-135.33,42.69,56,100,19.57,overcast clouds
430,Washington,US,47.5001,-120.5015,43.59,71,91,3.29,overcast clouds
431,Guerrero Negro,MX,27.9769,-114.0611,57.81,77,0,13.35,clear sky
432,Tiarei,PF,-17.5333,-149.3333,80.62,73,100,9.04,overcast clouds
433,Sambava,MG,-14.2667,50.1667,82.72,68,100,10.22,overcast clouds
434,Ugoofaaru,MV,5.6667,73.0,82.96,72,73,8.16,broken clouds
435,Wynyard,AU,-41.0,145.7167,71.96,73,100,9.51,overcast clouds
436,Dukat,RU,62.55,155.55,-3.51,100,48,3.0,scattered clouds
437,Girne,CY,35.3417,33.3167,47.75,41,3,15.37,clear sky
438,Half Moon Bay,US,37.4636,-122.4286,52.92,72,0,13.8,clear sky
439,Iqaluit,CA,63.7506,-68.5145,-27.67,75,40,10.36,scattered clouds
440,Gambiran,ID,-6.7988,111.4951,84.79,77,75,5.66,broken clouds
441,Farafangana,MG,-22.8167,47.8333,80.96,74,84,6.08,broken clouds
442,La Reforma,MX,25.0833,-108.05,59.94,58,4,2.42,clear sky
443,Breytovo,RU,58.2993,37.8617,24.33,86,77,6.62,broken clouds
444,Bathsheba,BB,13.2167,-59.5167,77.61,73,75,18.41,broken clouds
445,Bako,ET,5.7833,36.5667,83.91,31,85,2.15,overcast clouds
446,Alyangula,AU,-13.8483,136.4192,85.87,84,75,5.75,light rain
447,Sao Marcos,BR,-28.9711,-51.0681,62.56,99,100,1.39,overcast clouds
448,Ewa Beach,US,21.3156,-158.0072,76.37,67,75,10.36,broken clouds
449,Kulim,MY,5.365,100.5618,89.15,70,76,6.06,broken clouds
450,Weihe,CN,32.9952,105.3247,72.73,24,0,6.22,clear sky
451,San Patricio,US,28.017,-97.5169,62.89,87,12,6.91,few clouds
452,Bafq,IR,31.6128,55.4107,80.74,17,100,15.14,overcast clouds
453,Fortuna,US,40.5982,-124.1573,48.65,88,20,5.75,few clouds
454,Cabedelo,BR,-6.9811,-34.8339,77.67,81,99,7.67,overcast clouds
455,Roma,US,43.2128,-75.4557,30.96,76,100,3.44,overcast clouds
456,Lamu,KE,-2.2717,40.902,82.62,67,98,8.23,overcast clouds
457,Paslek,PL,54.0616,19.6593,32.56,67,5,10.6,clear sky
458,Tessalit,ML,20.1986,1.0114,70.72,10,0,17.94,clear sky
459,Ekhabi,RU,53.5102,142.9671,19.67,88,81,4.97,broken clouds
460,Bitung,ID,1.4451,125.1824,90.45,68,52,2.75,broken clouds
461,Zhob,PK,31.3411,69.4481,80.65,21,0,7.25,clear sky
462,Filadelfia,US,39.9523,-75.1638,35.85,65,20,5.75,few clouds
463,Salinopolis,BR,-0.6136,-47.3561,77.95,88,100,7.34,overcast clouds
464,Tamandare,BR,-8.7597,-35.1047,77.76,85,87,4.88,overcast clouds
465,Pohorelice,CZ,48.9812,16.5245,42.17,42,0,13.6,clear sky
466,Warner Robins,US,32.621,-83.5999,39.06,87,0,0.0,clear sky
467,Sabha,LY,27.0377,14.4283,56.7,27,0,15.1,clear sky
468,San Buenaventura,MX,27.0833,-101.5333,53.29,39,20,1.61,few clouds
469,Axim,GH,4.8699,-2.2405,77.85,82,100,2.64,overcast clouds
470,Deputatskiy,RU,69.3,139.9,-7.49,98,100,2.06,overcast clouds
471,Talara,PE,-4.5772,-81.2719,77.2,78,100,8.79,overcast clouds
472,Poum,NC,-20.2333,164.0167,81.63,78,6,11.39,clear sky
473,Tateyama,JP,34.9833,139.8667,64.63,76,6,19.42,clear sky
474,Abeche,TD,13.8292,20.8324,81.14,12,100,17.47,overcast clouds
475,Brigantine,US,39.4101,-74.3646,37.99,70,0,5.75,clear sky
476,Hay River,CA,60.8156,-115.7999,-9.42,64,20,6.91,few clouds
477,Shaunavon,CA,49.6501,-108.4181,29.98,99,78,5.06,broken clouds
478,Talcahuano,CL,-36.7167,-73.1167,57.96,60,47,6.62,scattered clouds
479,Wawa,NG,9.9022,4.4192,81.97,44,98,3.85,overcast clouds
480,Ulaangom,MN,49.9811,92.0667,21.92,91,56,5.55,broken clouds
481,Riyadh,SA,24.6877,46.7219,64.54,22,63,15.82,broken clouds
482,Kudamatsu,JP,34.0,131.8667,66.16,83,99,3.98,overcast clouds
483,Kamina,CD,-8.7386,24.9906,70.09,77,99,1.99,overcast clouds
484,Taoudenni,ML,22.6783,-3.9836,69.76,12,0,2.82,clear sky
485,Banda Aceh,ID,5.5577,95.3222,86.22,67,96,10.16,overcast clouds
486,Parauna,BR,-16.9478,-50.4486,67.55,91,43,1.77,scattered clouds
487,Tucuman,AR,-26.8241,-65.2226,64.4,94,20,6.91,few clouds
488,Murgab,TM,37.4966,61.9714,55.27,76,75,9.22,broken clouds
489,Skjervoy,NO,70.0311,20.9714,35.6,63,100,8.75,overcast clouds
490,Adeje,ES,28.1227,-16.726,61.32,59,20,5.75,few clouds
491,Modra,SK,48.334,17.3071,38.88,44,0,5.75,clear sky
492,Mendoza,AR,-32.8908,-68.8272,63.93,77,0,0.0,clear sky
493,Ambulu,ID,-8.345,113.6058,84.96,78,74,6.93,broken clouds
494,Mackenzie,CA,55.2999,-123.1698,17.82,86,100,2.3,overcast clouds
495,Kamenka,RU,51.3223,42.7678,23.25,94,100,13.53,light snow
496,San Fernando,PH,15.0286,120.6898,93.18,46,98,1.48,light rain
497,Comodoro Rivadavia,AR,-45.8667,-67.5,60.66,41,0,11.5,clear sky
498,Dunmore Town,BS,25.5,-76.65,70.48,78,100,23.35,overcast clouds
499,Batemans Bay,AU,-35.7167,150.1833,74.1,81,11,3.71,few clouds
500,Constitucion,CL,-35.3333,-72.4167,59.61,62,25,2.89,scattered clouds
501,Birin,NP,26.8865,88.0718,78.71,21,0,8.32,clear sky
502,Manmad,IN,20.25,74.45,92.03,11,50,7.29,scattered clouds
503,Fort Smith,US,35.3859,-94.3986,50.05,60,0,6.91,clear sky
504,Port Lincoln,AU,-34.7333,135.8667,79.29,42,12,7.38,few clouds
505,Kudahuvadhoo,MV,2.6708,72.8944,83.25,68,100,6.44,overcast clouds
506,Asau,RO,46.4333,26.4,31.28,76,7,0.54,clear sky
507,Bada,RU,51.392,109.8717,18.73,62,100,6.24,overcast clouds
508,Lapithos,CY,35.3375,33.1792,46.69,40,2,11.7,clear sky
509,Acapulco,MX,16.8634,-99.8901,74.84,73,5,3.44,clear sky
510,Karari,IN,25.45,81.4333,97.52,11,0,8.48,clear sky
511,Adrar,MR,20.5022,-10.0711,62.02,31,0,8.95,clear sky
512,Avera,US,33.194,-82.5271,34.38,47,5,4.32,clear sky
513,Kalmunai,LK,7.4167,81.8167,83.48,67,100,10.74,overcast clouds
514,Tagusao,PH,9.1924,117.8141,84.54,73,94,5.86,overcast clouds
515,Rawson,AR,-43.3002,-65.1023,61.38,40,77,7.9,broken clouds
516,Nadym,RU,65.5333,72.5167,10.35,89,79,9.71,broken clouds
517,Sukpak,RU,51.6667,94.6333,24.76,76,98,8.01,overcast clouds
518,Le Moule,GP,16.3332,-61.3473,75.24,100,32,5.01,scattered clouds
519,Fallon,US,39.4735,-118.7774,42.93,49,0,5.75,clear sky
520,Gornyak,RU,50.9942,81.4661,18.46,85,100,5.55,overcast clouds
521,Kidal,ML,18.4411,1.4078,72.07,10,0,16.64,clear sky
522,Qaqortoq,GL,60.7167,-46.0333,22.26,98,100,4.65,light snow
523,Apricena,IT,41.7839,15.4437,31.82,70,0,4.16,clear sky
524,Athabasca,CA,54.7169,-113.2854,7.21,96,100,5.28,overcast clouds
525,Aswan,EG,24.0934,32.907,56.5,41,0,12.66,clear sky
526,Puerto El Triunfo,SV,13.2833,-88.55,79.34,58,94,4.29,overcast clouds
527,Strzelin,PL,50.7816,17.0648,40.57,43,0,6.13,clear sky
528,Manaure,CO,11.7751,-72.4445,77.16,73,100,13.18,overcast clouds
529,Buchanan,LR,5.8808,-10.0467,76.48,92,96,5.37,light rain
530,Tatarsk,RU,55.219,75.9828,9.14,83,16,11.39,few clouds
531,Kommunisticheskiy,RU,61.6789,64.4819,16.9,77,95,6.85,overcast clouds
532,Meadow Lake,US,34.8014,-106.5436,51.28,19,6,12.97,clear sky
533,Elat,IL,29.5581,34.9482,51.64,54,0,13.8,clear sky
534,Kungurtug,RU,50.5994,97.5228,29.98,74,100,9.46,light snow
535,Barroso,BR,-21.1869,-43.9758,63.93,95,96,3.69,overcast clouds
536,Lavrentiya,RU,65.5833,-171.0,-3.39,80,3,5.32,clear sky
537,Ta Khmau,KH,11.4833,104.95,93.25,55,40,10.36,scattered clouds
538,Alofi,NU,-19.0595,-169.9187,80.49,83,40,3.44,scattered clouds
539,Uhlove,UA,44.8215,33.6045,37.02,44,0,10.6,clear sky
540,Belen,TR,36.4891,36.2233,28.54,100,20,2.3,mist
541,Sung Noen,TH,14.8992,101.8207,102.65,80,97,3.6,overcast clouds
542,Mnogovershinnyy,RU,53.9353,139.9242,19.4,88,100,1.28,overcast clouds
543,Muisne,EC,0.6,-80.0333,75.74,91,100,1.41,overcast clouds
544,Tzaneen,ZA,-23.8332,30.1635,85.3,37,16,1.9,few clouds
545,Gobabis,NA,-22.45,18.9667,64.45,82,100,12.28,light rain
546,Henties Bay,NA,-22.116,14.2845,63.46,81,100,4.43,overcast clouds
547,Tres Arroyos,AR,-38.3739,-60.2798,58.82,63,10,9.71,clear sky
548,Sudzha,RU,51.1976,35.2726,28.24,90,85,11.77,light snow
549,Valuyki,RU,50.2035,38.1067,23.94,91,84,11.01,broken clouds
550,Montague,US,42.5356,-72.5351,28.47,70,35,3.13,scattered clouds
551,Pahrump,US,36.2083,-115.9839,55.26,19,6,6.91,clear sky
552,Altamont,US,42.2068,-121.7372,37.78,75,75,0.0,broken clouds
553,Risch,CH,47.1405,8.441,43.48,91,20,2.3,few clouds
554,Kupino,RU,54.3663,77.2981,8.28,82,58,12.08,broken clouds
555,Makat,KZ,47.6469,53.3463,25.43,65,98,10.45,overcast clouds
556,Lubango,AO,-14.9172,13.4925,61.12,61,96,2.44,overcast clouds
557,Tommot,RU,58.9564,126.2925,14.86,68,100,2.28,overcast clouds
558,Hami,CN,42.8,93.45,62.78,24,88,5.73,overcast clouds
559,Minot,US,48.2325,-101.2963,21.42,73,100,0.0,overcast clouds
560,Rocha,UY,-34.4833,-54.3333,53.44,92,0,4.07,clear sky
561,Tabas,IR,33.5959,56.9244,78.04,26,93,8.05,overcast clouds
562,Umm Lajj,SA,25.0213,37.2685,69.96,53,0,16.51,clear sky
563,San Clemente,US,33.427,-117.612,57.11,88,3,7.0,clear sky
564,Baykit,RU,61.67,96.37,7.59,80,99,2.71,overcast clouds
565,Amarillo,US,35.222,-101.8313,49.08,22,0,20.71,clear sky
566,Cuxhaven,DE,53.8718,8.6909,41.2,42,75,6.91,broken clouds
567,Tulle,FR,45.3333,1.8333,33.55,89,98,4.29,overcast clouds
568,Barcelos,PT,41.5388,-8.6151,49.84,89,100,6.87,overcast clouds
569,Marshall,US,34.3834,-86.3333,44.35,58,0,4.61,clear sky
570,Lagos,NG,6.5833,3.75,75.52,86,68,2.84,light rain
571,Srandakan,ID,-7.9386,110.2506,85.57,72,60,9.91,broken clouds
572,Almaznyy,RU,48.0448,40.045,25.25,57,83,7.9,broken clouds
573,Gazli,UZ,40.1333,63.45,51.76,46,100,16.87,overcast clouds
574,Praia Da Vitoria,PT,38.7333,-27.0667,53.85,82,40,7.49,scattered clouds
575,Staryy Nadym,RU,65.6118,72.6842,10.65,89,87,9.6,overcast clouds
576,Watrous,CA,51.6668,-105.4679,15.58,86,100,10.36,overcast clouds
577,Zemio,CF,5.0314,25.1361,82.54,57,100,2.44,overcast clouds
578,Vestmanna,FO,62.1564,-7.1664,41.92,93,75,8.05,broken clouds
579,Wakkanai,JP,45.4094,141.6739,30.18,86,75,13.8,broken clouds
580,Sangar,RU,63.9242,127.4739,-0.54,90,100,6.69,overcast clouds
581,Defiance,US,41.3334,-84.45,37.42,75,0,3.44,clear sky
582,Quchan,IR,37.106,58.5095,55.44,58,0,5.01,clear sky
583,Qixingtai,CN,30.4135,111.8874,79.86,47,100,14.94,overcast clouds
584,Port Blair,IN,11.6667,92.75,89.64,51,40,6.91,haze
585,Scarborough,GB,54.2797,-0.4044,40.64,87,100,1.99,overcast clouds
586,Port Macquarie,AU,-31.4333,152.9167,75.88,65,7,11.61,clear sky
587,Myitkyina,MM,25.3833,97.4,104.25,13,100,1.41,overcast clouds
588,Lanxi,CN,29.2195,119.477,84.06,50,90,2.01,overcast clouds
589,Houma,US,29.5958,-90.7195,51.01,87,93,1.99,overcast clouds
590,Lazaro Cardenas,MX,17.9583,-102.2,70.68,85,0,3.44,clear sky
591,Charyshskoye,RU,51.3978,83.5598,23.49,91,100,5.21,light snow
592,Qitaihe,CN,45.8,130.85,28.74,95,100,8.99,light snow
593,Waingapu,ID,-9.6567,120.2641,86.23,71,66,7.45,light rain
594,Cozumel,MX,20.5083,-86.9458,73.98,73,67,9.73,broken clouds
595,Jatai,BR,-17.8814,-51.7144,68.43,92,100,0.07,overcast clouds
596,Balagansk,RU,54.0103,103.0544,11.44,68,35,6.15,scattered clouds
597,Celestun,MX,20.8667,-90.4,69.71,74,0,12.44,clear sky
598,Shingu,JP,33.7333,135.9833,68.97,66,40,2.8,scattered clouds
599,Amahai,ID,-3.3333,128.9167,81.32,81,100,2.35,moderate rain
600,Buin,CL,-33.7333,-70.75,71.87,61,0,1.95,clear sky
601,Mokobeng,BW,-22.9965,27.6678,82.85,38,14,10.49,few clouds
602,Buta,CD,2.7858,24.73,77.58,77,83,3.15,broken clouds
603,Beian,NO,63.6559,9.5683,41.09,48,0,12.66,clear sky
604,Hervey Bay,AU,-25.2986,152.8535,78.03,65,10,8.99,clear sky
605,Melfort,CA,52.8667,-104.6177,12.33,85,100,9.22,overcast clouds
606,Melbu,NO,68.5044,14.8297,40.78,65,0,4.61,clear sky
607,Faya,SA,18.3851,42.4509,68.11,50,1,4.56,clear sky
608,Villiers,ZA,-27.0303,28.6006,72.48,46,67,9.24,broken clouds
609,Rumoi,JP,43.9344,141.6428,38.03,85,71,3.85,broken clouds
610,Havoysund,NO,70.9963,24.6622,35.83,75,100,11.92,overcast clouds
611,Hobyo,SO,5.3505,48.5268,83.79,55,63,19.69,broken clouds
612,Sola,VU,-13.8833,167.55,84.87,79,40,3.44,scattered clouds
613,Mansfield,GB,53.1333,-1.2,40.39,94,5,6.44,clear sky
614,Inongo,CD,-1.95,18.2667,74.52,89,100,6.49,overcast clouds
615,Shiloh,US,38.5614,-89.8973,50.13,59,0,9.22,clear sky
616,Campoverde,PE,-8.4753,-74.8058,69.8,100,99,1.9,overcast clouds
617,Kyzyl-Suu,KG,42.3414,78.0056,44.8,86,77,4.45,broken clouds
618,Ouahigouya,BF,13.5828,-2.4216,78.21,20,86,7.9,overcast clouds
619,Tahara,JP,34.6667,137.2667,77.02,57,0,5.73,clear sky
620,Ust-Nera,RU,64.5667,143.2,9.9,93,100,2.33,overcast clouds
621,Gunjur,GM,13.2019,-16.7339,67.78,71,3,9.15,clear sky
622,Arona,ES,28.0996,-16.681,58.12,60,20,5.75,few clouds
623,Romny,UA,50.751,33.4747,29.19,82,21,8.59,few clouds
624,Honiara,SB,-9.4333,159.95,81.84,83,100,2.62,overcast clouds
625,Uthal,PK,25.8072,66.6219,91.38,25,0,5.64,clear sky
626,Sarkand,KZ,45.41,79.9186,45.88,78,100,4.72,light rain
627,Nsoko,SZ,-27.0333,31.95,72.99,83,96,1.88,overcast clouds
628,Lagdo,CM,9.05,13.7333,84.51,16,35,1.41,scattered clouds
629,Washim,IN,20.1,77.15,93.18,11,5,9.46,clear sky
630,Nipawin,CA,53.3668,-104.0009,10.44,67,100,12.66,overcast clouds
631,Ilhabela,BR,-23.7781,-45.3581,75.38,91,80,3.74,broken clouds
632,Marawi,PH,7.9986,124.2928,75.83,90,100,3.69,moderate rain
633,Khandbari,NP,27.3747,87.2039,87.75,18,0,6.87,clear sky
634,Ushtobe,KZ,45.2514,77.9838,48.88,59,100,9.78,moderate rain
635,Tarkwa,GH,5.3064,-1.9847,74.17,89,100,0.67,overcast clouds
636,Port Augusta,AU,-32.5,137.7667,93.29,19,60,17.38,broken clouds
637,Luganville,VU,-15.5333,167.1667,81.81,81,21,6.67,few clouds
638,Grootfontein,NA,-19.5667,18.1167,63.75,90,99,3.18,light rain
639,Soyo,AO,-6.1349,12.3689,80.49,78,100,4.56,overcast clouds
640,Bugene,TZ,-1.5911,31.1403,68.07,76,85,0.27,light rain
641,Mama,RU,58.3106,112.8986,9.84,68,100,4.45,overcast clouds
642,Lyaskelya,RU,61.7667,31.0167,33.49,100,100,1.21,overcast clouds
643,Ventspils,LV,57.3894,21.5606,28.33,100,27,0.0,scattered clouds
644,Povenets,RU,62.8487,34.8262,18.12,96,76,0.54,broken clouds
645,Beihai,CN,21.4833,109.1,75.61,75,0,7.14,clear sky
646,Ibra,OM,22.6906,58.5334,89.92,16,43,2.15,scattered clouds
647,Tourlaville,FR,49.6383,-1.5664,44.02,100,75,6.91,broken clouds
648,Koumac,NC,-20.5667,164.2833,81.5,77,40,0.81,scattered clouds
649,Bonga,ET,7.2833,36.2333,74.93,56,93,1.81,light rain
650,Viedma,AR,-40.8135,-62.9967,63.95,57,98,1.61,overcast clouds
651,New Port Richey,US,28.2442,-82.7193,55.42,84,99,5.01,overcast clouds
652,Saint-Honore,CA,48.5334,-71.0824,8.58,87,100,3.44,light snow
653,Biak,ID,-0.9131,122.8766,83.19,74,60,2.19,broken clouds
654,Putina,PE,-15.4667,-69.4333,45.14,76,100,5.19,overcast clouds
655,San Quintin,MX,30.4833,-115.95,56.55,86,0,12.75,clear sky
656,Strezhevoy,RU,60.7333,77.5889,10.83,88,92,3.0,overcast clouds
657,Chillicothe,US,39.3331,-82.9824,38.98,72,0,5.75,clear sky
658,Suraabad,AZ,40.8192,49.4687,38.26,73,100,16.84,overcast clouds
659,Bukachacha,RU,52.9833,116.9167,20.35,61,100,6.67,overcast clouds
660,Poopo,BO,-18.3667,-66.9667,45.25,74,100,4.65,overcast clouds
661,Gornopravdinsk,RU,60.05,69.9,17.94,82,100,5.99,overcast clouds
662,Bairiki,KI,1.3292,172.9752,82.4,69,20,9.22,few clouds
663,Don Sak,TH,9.3168,99.6918,92.95,66,100,14.47,overcast clouds
664,Saint Anthony,US,45.0205,-93.218,35.53,74,100,3.44,overcast clouds
665,Belaya Gora,RU,68.5333,146.4167,0.28,92,100,5.21,overcast clouds
666,Suntar,RU,62.1444,117.6319,6.12,78,100,6.51,overcast clouds
667,Kingisepp,RU,59.3733,28.6134,28.6,94,94,2.19,overcast clouds
668,Emerald,AU,-23.5333,148.1667,91.54,27,40,14.97,scattered clouds
669,Joensuu,FI,62.6012,29.7632,21.69,100,100,5.75,fog
670,Haimen,CN,23.1935,116.6142,87.69,61,0,9.53,clear sky
671,Moron,AR,-34.6534,-58.6198,67.75,84,0,4.43,clear sky
672,Mayumba,GA,-3.432,10.6554,79.56,84,81,4.97,light rain
673,Nantucket,US,41.2835,-70.0995,35.71,59,0,23.02,clear sky
674,Naarden,NL,52.2833,5.15,48.94,85,100,7.49,overcast clouds
675,Sosva,RU,59.1766,61.8558,16.79,82,100,7.34,overcast clouds
676,Wajir,KE,1.7471,40.0573,80.56,65,40,12.66,scattered clouds
677,Victor Harbor,AU,-35.5667,138.6167,72.0,65,7,7.14,clear sky
678,Prado,BR,-17.3411,-39.2208,75.94,89,100,3.11,overcast clouds
679,Maceio,BR,-9.6658,-35.7353,76.44,88,20,2.3,few clouds
680,San Policarpo,PH,12.1791,125.5072,83.17,75,46,6.49,moderate rain
681,Cap Malheureux,MU,-19.9842,57.6142,85.46,76,100,11.01,overcast clouds
